<?xml version="1.0" encoding="utf-8"?>
<prefix name="hidelinks" label="Hidelinks" language_tag="en" language_label="English"><key name="new_tab"><value>Open links in new tab</value></key><key name="redirect"><value>Redirect</value></key><key name="redirect_text"><value>Please wait, you will be redirected to &lt;strong&gt;{$url} &lt;/strong&gt; in {$timeout} seconds</value></key><key name="redirect_timeout"><value>Timeout, before redirecting user to new page (0 means redirect instantly)</value></key><key name="save_settings"><value>Save</value></key><key name="settings"><value>Settings</value></key></prefix>
